name,handedness,height,weight,avg,HR,BMI,BMI-C,avg-C,size
Adolfo Phillips,Right,73,175,0.247,59,24,24-26,avg<0.26,2
Al Bumbry,Left,68,170,0.281,54,26,24-26,avg<0.33,2
Al Cowens,Right,73,197,0.27,108,27,27-31,avg<0.33,2
Al Downing,Right,71,175,0.127,2,25,24-26,avg<0.23,2
Al Ferrara,Right,73,200,0.259,51,27,27-31,avg<0.26,2
Al Gallagher,Right,72,180,0.263,11,25,24-26,avg<0.33,2
Al Luplow,Left,70,175,0.235,33,26,24-26,avg<0.26,2
Al Oliver,Left,72,195,0.303,219,27,27-31,avg<0.33,2
Al Weis,Both,72,160,0.219,7,22,20-23,avg<0.23,2
Al Woods,Left,75,190,0.271,35,24,24-26,avg<0.33,2
Alan Ashby,Both,74,185,0.245,90,24,24-26,avg<0.26,2
Alan Bannister,Right,71,170,0.27,19,24,24-26,avg<0.33,2
Alan Knicely,Right,72,190,0.213,12,26,24-26,avg<0.23,2
Alan Wiggins,Both,74,160,0.259,5,21,20-23,avg<0.26,2
Albert Hall,Both,71,155,0.251,5,22,20-23,avg<0.26,2
Alex Johnson,Right,72,205,0.288,78,28,27-31,avg<0.33,2
Alex Trevino,Right,70,165,0.249,23,24,24-26,avg<0.26,2
Amos Otis,Right,71,165,0.277,193,24,24-26,avg<0.33,2
Andre Robertson,Right,70,155,0.251,5,23,20-23,avg<0.26,2
Andre Thornton,Right,75,200,0.254,253,26,24-26,avg<0.26,2
Andres Mora,Right,72,180,0.223,27,25,24-26,avg<0.23,2
Andres Thomas,Right,73,170,0.234,42,23,20-23,avg<0.26,2
Andy Etchebarren,Right,73,190,0.235,49,26,24-26,avg<0.26,2
Andy Kosco,Right,75,205,0.236,73,26,24-26,avg<0.26,2
Andy Messersmith,Right,73,200,0.17,5,27,27-31,avg<0.23,2
Angel Mangual,Right,70,178,0.245,22,26,24-26,avg<0.26,2
Angel Salazar,Right,72,180,0.212,2,25,24-26,avg<0.23,2
Art Howe,Right,74,190,0.26,43,25,24-26,avg<0.33,2
Art Shamsky,Left,73,168,0.253,68,23,20-23,avg<0.26,2
Aurelio Rodriguez,Right,70,180,0.237,124,26,24-26,avg<0.26,2
Bake McBride,Left,74,190,0.299,63,25,24-26,avg<0.33,2
Barbaro Garbey,Right,70,170,0.267,11,25,24-26,avg<0.33,2
Barry Bonnell,Right,75,190,0.272,56,24,24-26,avg<0.33,2
Barry Evans,Right,73,180,0.251,2,24,24-26,avg<0.26,2
Barry Foote,Right,75,205,0.23,57,26,24-26,avg<0.26,2
Ben Oglivie,Left,74,160,0.273,235,21,20-23,avg<0.33,2
Benny Ayala,Right,73,185,0.251,38,25,24-26,avg<0.26,2
Bernie Allen,Left,72,175,0.239,73,24,24-26,avg<0.26,2
Bernie Carbo,Left,71,173,0.264,96,25,24-26,avg<0.33,2
Bert Campaneris,Right,70,160,0.259,79,24,24-26,avg<0.26,2
Biff Pocoroba,Both,70,175,0.257,21,26,24-26,avg<0.26,2
Bill Almon,Right,75,180,0.254,36,23,20-23,avg<0.26,2
Bill Buckner,Left,72,185,0.289,174,26,24-26,avg<0.33,2
Bill Fahey,Left,72,200,0.241,7,28,27-31,avg<0.26,2
Bill Freehan,Right,75,203,0.262,200,26,24-26,avg<0.33,2
Bill Madlock,Right,71,180,0.305,163,26,24-26,avg<0.33,2
Bill Melton,Right,74,200,0.253,160,26,24-26,avg<0.26,2
Bill Nahorodny,Right,74,200,0.241,25,26,24-26,avg<0.26,2
Bill Plummer,Right,73,190,0.188,14,26,24-26,avg<0.23,2
Bill Robinson,Right,74,189,0.258,166,25,24-26,avg<0.26,2
Bill Russell,Right,72,175,0.263,46,24,24-26,avg<0.33,2
Bill Sample,Right,69,175,0.272,46,26,24-26,avg<0.33,2
Bill Schroeder,Right,74,200,0.24,61,26,24-26,avg<0.26,2
Bill Sharp,Left,70,178,0.255,9,26,24-26,avg<0.26,2
Bill Stein,Right,70,170,0.267,44,25,24-26,avg<0.33,2
Bill Sudakis,Both,73,190,0.234,59,26,24-26,avg<0.26,2
Bill Voss,Left,74,160,0.227,19,21,20-23,avg<0.23,2
Billy Bryan,Left,76,200,0.216,41,25,24-26,avg<0.23,2
Billy Conigliaro,Right,72,180,0.256,40,25,24-26,avg<0.26,2
Billy Cowan,Right,72,170,0.236,40,24,24-26,avg<0.26,2
Billy Grabarkewitz,Right,70,165,0.236,28,24,24-26,avg<0.26,2
Billy North,Both,71,185,0.261,20,26,24-26,avg<0.33,2
Billy Smith,Both,74,185,0.23,17,24,24-26,avg<0.26,2
Bo Diaz,Right,71,185,0.255,87,26,24-26,avg<0.26,2
Bob Bailey,Right,73,180,0.257,189,24,24-26,avg<0.26,2
Bob Bailor,Right,71,170,0.264,9,24,24-26,avg<0.33,2
Bob Barton,Right,72,175,0.226,9,24,24-26,avg<0.23,2
Bob Boone,Right,74,195,0.254,105,26,24-26,avg<0.26,2
Bob Brenly,Right,74,210,0.247,91,28,27-31,avg<0.26,2
Bob Brower,Right,71,185,0.242,17,26,24-26,avg<0.26,2
Bob Burda,Left,71,174,0.224,13,25,24-26,avg<0.23,2
Bob Chance,Left,74,196,0.261,24,26,24-26,avg<0.33,2
Bob Coluccio,Right,71,183,0.22,26,26,24-26,avg<0.23,2
Bob Davis,Right,72,180,0.197,6,25,24-26,avg<0.23,2
Bob Dernier,Right,72,160,0.255,23,22,20-23,avg<0.26,2
Bob Didier,Both,72,190,0.229,0,26,24-26,avg<0.23,2
Bob Forsch,Right,76,200,0.213,12,25,24-26,avg<0.23,2
Bob Heise,Right,72,175,0.247,1,24,24-26,avg<0.26,2
Bob Horner,Right,73,195,0.277,218,26,24-26,avg<0.33,2
Bob Johnson,Right,70,175,0.272,44,26,24-26,avg<0.33,2
Bob Jones,Left,74,195,0.221,20,26,24-26,avg<0.23,2
Bob Kearney,Right,72,190,0.233,27,26,24-26,avg<0.26,2
Bob Knepper,Left,75,195,0.137,6,25,24-26,avg<0.23,2
Bob Meacham,Both,73,175,0.236,8,24,24-26,avg<0.26,2
Bob Molinaro,Left,72,190,0.264,14,26,24-26,avg<0.33,2
Bob Montgomery,Right,73,195,0.258,23,26,24-26,avg<0.26,2
Bob Oliver,Right,75,205,0.256,94,26,24-26,avg<0.26,2
Bob Randall,Right,74,175,0.257,1,23,20-23,avg<0.26,2
Bob Robertson,Right,73,195,0.242,115,26,24-26,avg<0.26,2
Bob Stinson,Both,71,180,0.25,33,26,24-26,avg<0.26,2
Bob Tillman,Right,76,205,0.232,79,26,24-26,avg<0.26,2
Bob Uecker,Right,73,190,0.2,14,26,24-26,avg<0.23,2
Bob Veale,Both,78,212,0.114,0,25,24-26,avg<0.23,2
Bob Watson,Right,72,201,0.295,184,28,27-31,avg<0.33,2
Bobby Bonds,Right,73,190,0.268,332,26,24-26,avg<0.33,2
Bobby Brown,Both,74,190,0.245,26,25,24-26,avg<0.26,2
Bobby Clark,Right,72,190,0.239,19,26,24-26,avg<0.26,2
Bobby Cox,Right,71,180,0.225,9,26,24-26,avg<0.23,2
Bobby Darwin,Right,74,190,0.251,83,25,24-26,avg<0.26,2
Bobby Grich,Right,74,180,0.266,224,24,24-26,avg<0.33,2
Bobby Klaus,Right,70,170,0.208,6,25,24-26,avg<0.23,2
Bobby Knoop,Right,73,170,0.236,56,23,20-23,avg<0.26,2
Bobby Mitchell L,Left,70,170,0.243,3,25,24-26,avg<0.26,2
Bobby Mitchell,Right,75,185,0.235,21,24,24-26,avg<0.26,2
Bobby Murcer,Left,71,160,0.277,252,23,20-23,avg<0.33,2
Bobby Tolan,Left,71,170,0.265,86,24,24-26,avg<0.33,2
Bobby Valentine,Right,70,189,0.26,12,28,27-31,avg<0.33,2
Bobby Wine,Right,73,187,0.215,30,25,24-26,avg<0.23,2
Bombo Rivera,Right,70,187,0.265,10,27,27-31,avg<0.33,2
Boog Powell,Left,76,230,0.266,339,29,27-31,avg<0.33,2
Boots Day,Left,69,160,0.256,8,24,24-26,avg<0.26,2
Brad Wellman,Right,72,170,0.231,6,24,24-26,avg<0.26,2
Brant Alyea,Right,75,215,0.247,38,28,27-31,avg<0.26,2
Brian Asselstine,Left,73,175,0.254,12,24,24-26,avg<0.26,2
Brian Giles,Right,73,165,0.228,10,22,20-23,avg<0.23,2
Brock Davis,Left,70,160,0.26,1,24,24-26,avg<0.33,2
Broderick Perkins,Left,70,180,0.271,8,26,24-26,avg<0.33,2
Bruce Benedict,Right,73,175,0.242,18,24,24-26,avg<0.26,2
Bruce Bochte,Left,75,195,0.282,100,25,24-26,avg<0.33,2
Bruce Bochy,Right,75,205,0.239,26,26,24-26,avg<0.26,2
Bruce Boisclair,Left,74,185,0.263,10,24,24-26,avg<0.33,2
Bruce Miller,Right,73,185,0.246,1,25,24-26,avg<0.26,2
Bryan Little,Both,70,160,0.245,3,24,24-26,avg<0.26,2
Bubba Morton,Right,70,175,0.267,14,26,24-26,avg<0.33,2
Buck Martinez,Right,70,190,0.225,58,28,27-31,avg<0.23,2
Buck Rodgers,Both,74,190,0.232,31,25,24-26,avg<0.26,2
Bucky Dent,Right,69,170,0.247,40,26,24-26,avg<0.26,2
Bud Harrelson,Both,71,160,0.236,7,23,20-23,avg<0.26,2
Buddy Bell,Right,73,180,0.279,201,24,24-26,avg<0.33,2
Buddy Biancalana,Both,71,160,0.205,6,23,20-23,avg<0.23,2
Buddy Bradford,Right,71,170,0.226,52,24,24-26,avg<0.23,2
Bump Wills,Both,69,172,0.266,36,26,24-26,avg<0.33,2
Burt Hooton,Right,73,210,0.123,4,28,27-31,avg<0.23,2
Butch Hobson,Right,73,193,0.248,98,26,24-26,avg<0.26,2
Butch Wynegar,Both,73,190,0.255,65,26,24-26,avg<0.26,2
Byron Browne,Right,74,190,0.236,30,25,24-26,avg<0.26,2
Cap Peterson,Right,74,195,0.23,19,26,24-26,avg<0.26,2
Carl Morton,Right,72,200,0.156,7,28,27-31,avg<0.23,2
Carl Taylor,Right,74,200,0.266,10,26,24-26,avg<0.33,2
Carl Warwick,Right,70,170,0.248,31,25,24-26,avg<0.26,2
Carl Yastrzemski,Left,71,175,0.285,452,25,24-26,avg<0.33,2
Carlos May,Left,71,200,0.274,90,29,27-31,avg<0.33,2
Carmen Fanzone,Right,72,200,0.224,20,28,27-31,avg<0.23,2
Catfish Hunter,Right,72,190,0.226,6,26,24-26,avg<0.23,2
Cecil Cooper,Left,74,165,0.298,241,22,20-23,avg<0.33,2
Cesar Cedeno,Right,74,175,0.285,199,23,20-23,avg<0.33,2
Cesar Geronimo,Left,72,165,0.258,51,23,20-23,avg<0.26,2
Cesar Gutierrez,Right,69,155,0.235,0,23,20-23,avg<0.26,2
Cesar Tovar,Right,69,155,0.278,46,23,20-23,avg<0.33,2
Champ Summers,Left,74,205,0.255,54,27,27-31,avg<0.26,2
Charley Smith,Right,73,170,0.239,69,23,20-23,avg<0.26,2
Charlie James,Right,73,195,0.255,29,26,24-26,avg<0.26,2
Charlie Moore,Right,71,180,0.261,36,26,24-26,avg<0.33,2
Charlie Spikes,Right,75,215,0.246,65,28,27-31,avg<0.26,2
Chet Lemon,Right,72,190,0.273,215,26,24-26,avg<0.33,2
Chico Ruiz,Both,72,169,0.24,2,23,20-23,avg<0.26,2
Chico Salmon,Right,70,160,0.249,31,24,24-26,avg<0.26,2
Chris Bando,Both,72,195,0.227,27,27,27-31,avg<0.23,2
Chris Brown,Right,72,185,0.269,38,26,24-26,avg<0.33,2
Chris Cannizzaro,Right,72,190,0.235,18,26,24-26,avg<0.26,2
Chris Chambliss,Left,73,195,0.279,185,26,24-26,avg<0.33,2
Chris Speier,Right,73,175,0.246,112,24,24-26,avg<0.26,2
Chuck Harrison,Right,70,185,0.238,17,27,27-31,avg<0.26,2
Chuck Hiller,Left,71,170,0.243,20,24,24-26,avg<0.26,2
Chuck Hinton,Right,73,180,0.264,113,24,24-26,avg<0.33,2
Chuck Schilling,Right,70,160,0.239,23,24,24-26,avg<0.26,2
Cito Gaston,Right,75,190,0.256,91,24,24-26,avg<0.26,2
Claudell Washington,Left,72,190,0.278,164,26,24-26,avg<0.33,2
Clay Dalrymple,Left,72,190,0.233,55,26,24-26,avg<0.26,2
Cleon Jones,Right,72,185,0.281,93,26,24-26,avg<0.33,2
Cliff Johnson,Right,76,215,0.258,196,27,27-31,avg<0.26,2
Clint Hurdle,Left,75,195,0.259,32,25,24-26,avg<0.26,2
Coco Laboy,Right,70,165,0.233,28,24,24-26,avg<0.26,2
Cookie Rojas,Right,70,160,0.263,54,24,24-26,avg<0.33,2
Craig Kusick,Right,75,210,0.235,46,27,27-31,avg<0.26,2
Craig Reynolds,Left,73,175,0.256,42,24,24-26,avg<0.26,2
Craig Robinson,Right,70,165,0.219,0,24,24-26,avg<0.23,2
Curt Blefary,Left,74,195,0.237,112,26,24-26,avg<0.26,2
Curt Ford,Left,70,150,0.245,7,22,20-23,avg<0.26,2
Curt Motton,Right,68,164,0.213,25,26,24-26,avg<0.23,2
Dal Maxvill,Right,71,157,0.217,6,22,20-23,avg<0.23,2
Dale Berra,Right,72,180,0.236,49,25,24-26,avg<0.26,2
Dalton Jones,Left,73,180,0.235,41,24,24-26,avg<0.26,2
Damaso Garcia,Right,73,165,0.283,36,22,20-23,avg<0.33,2
Dan Briggs,Left,72,180,0.195,12,25,24-26,avg<0.23,2
Dan Driessen,Left,71,187,0.267,153,27,27-31,avg<0.33,2
Dan Ford,Right,73,185,0.27,121,25,24-26,avg<0.33,2
Dan Meyer,Left,71,180,0.253,86,26,24-26,avg<0.26,2
Dane Iorg,Left,72,180,0.276,14,25,24-26,avg<0.33,2
Danny Ainge,Right,76,175,0.22,2,22,20-23,avg<0.23,2
Danny Cater,Right,72,170,0.276,66,24,24-26,avg<0.33,2
Danny Goodwin,Left,73,195,0.236,13,26,24-26,avg<0.26,2
Danny Thompson,Right,72,183,0.248,15,25,24-26,avg<0.26,2
Danny Walton,Right,72,195,0.223,28,27,27-31,avg<0.23,2
Darrel Chaney,Both,74,188,0.217,14,25,24-26,avg<0.23,2
Darrell Brown,Both,72,184,0.274,1,26,24-26,avg<0.33,2
Darrell Evans,Left,74,200,0.248,414,26,24-26,avg<0.26,2
Darrell Porter,Left,72,193,0.247,188,27,27-31,avg<0.26,2
Darryl Motley,Right,69,196,0.243,44,30,27-31,avg<0.26,2
Daryl Sconiers,Left,74,185,0.265,15,24,24-26,avg<0.33,2
Dave Campbell,Right,73,180,0.213,20,24,24-26,avg<0.23,2
Dave Cash,Right,71,170,0.283,21,24,24-26,avg<0.33,2
Dave Chalk,Right,70,175,0.252,15,26,24-26,avg<0.26,2
Dave Collins,Both,71,175,0.272,32,25,24-26,avg<0.33,2
Dave Concepcion,Right,74,155,0.267,101,20,20-23,avg<0.33,2
Dave Duncan,Right,74,190,0.214,109,25,24-26,avg<0.23,2
Dave Edwards,Right,72,170,0.237,14,24,24-26,avg<0.26,2
Dave Engle,Right,75,210,0.262,31,27,27-31,avg<0.33,2
Dave Hilton,Right,71,191,0.213,6,27,27-31,avg<0.23,2
Dave Hostetler,Right,76,215,0.229,37,27,27-31,avg<0.23,2
Dave Kingman,Right,78,210,0.236,442,25,24-26,avg<0.26,2
Dave Marshall,Left,73,182,0.246,16,25,24-26,avg<0.26,2
Dave May,Left,70,186,0.251,96,27,27-31,avg<0.26,2
Dave McKay,Both,73,195,0.229,21,26,24-26,avg<0.23,2
Dave McNally,Right,71,185,0.133,9,26,24-26,avg<0.23,2
Dave Nelson,Right,70,160,0.244,20,24,24-26,avg<0.26,2
Dave Nicholson,Right,74,215,0.212,61,28,27-31,avg<0.23,2
Dave Rader,Left,71,165,0.257,30,24,24-26,avg<0.26,2
Dave Revering,Left,76,210,0.265,62,26,24-26,avg<0.33,2
Dave Roberts,Right,75,215,0.239,49,28,27-31,avg<0.26,2
Dave Roberts L,Left,75,195,0.194,7,25,24-26,avg<0.23,2
Dave Rosello,Right,71,160,0.236,10,23,20-23,avg<0.26,2
Dave Skaggs,Right,74,200,0.241,3,26,24-26,avg<0.26,2
Dave Stapleton,Right,73,178,0.271,41,24,24-26,avg<0.33,2
Davey Johnson,Right,73,170,0.261,136,23,20-23,avg<0.33,2
Davey Lopes,Right,69,170,0.263,155,26,24-26,avg<0.33,2
David Green,Right,75,170,0.268,31,22,20-23,avg<0.33,2
Dean Chance,Right,75,200,0.066,0,26,24-26,avg<0.23,2
Del Unser,Left,73,180,0.258,87,24,24-26,avg<0.26,2
Denis Menke,Right,72,185,0.25,101,26,24-26,avg<0.26,2
Denny Doyle,Left,69,175,0.25,16,26,24-26,avg<0.26,2
Denny Lemaster,Right,73,182,0.13,4,25,24-26,avg<0.23,2
Denny McLain,Right,73,185,0.133,1,25,24-26,avg<0.23,2
Deron Johnson,Right,74,200,0.244,245,26,24-26,avg<0.26,2
Derrel Thomas,Both,72,160,0.249,43,22,20-23,avg<0.26,2
Dick Allen,Right,71,187,0.292,351,27,27-31,avg<0.33,2
Dick Bertell,Right,72,200,0.25,10,28,27-31,avg<0.26,2
Dick Billings,Right,73,195,0.227,16,26,24-26,avg<0.23,2
Dick Davis,Right,75,190,0.265,27,24,24-26,avg<0.33,2
Dick Dietz,Right,73,195,0.261,66,26,24-26,avg<0.33,2
Dick Green,Right,70,180,0.24,80,26,24-26,avg<0.26,2
Dick Howser,Right,68,155,0.248,16,24,24-26,avg<0.26,2
Dick McAuliffe,Left,71,176,0.247,197,25,24-26,avg<0.26,2
Dick Nen,Left,74,200,0.224,21,26,24-26,avg<0.23,2
Dick Phillips,Left,72,180,0.229,12,25,24-26,avg<0.23,2
Dick Ruthven,Right,75,190,0.183,1,24,24-26,avg<0.23,2
Dick Simpson,Right,76,176,0.207,15,22,20-23,avg<0.23,2
Dick Tracewski,Right,71,160,0.213,8,23,20-23,avg<0.23,2
Doc Edwards,Right,74,215,0.238,15,28,27-31,avg<0.26,2
Domingo Ramos,Right,70,154,0.24,8,23,20-23,avg<0.26,2
Don Baylor,Right,73,190,0.26,338,26,24-26,avg<0.33,2
Don Buford,Both,67,160,0.264,93,26,24-26,avg<0.33,2
Don Hahn,Right,73,180,0.236,7,24,24-26,avg<0.26,2
Don Kessinger,Both,73,170,0.252,14,23,20-23,avg<0.26,2
Don Leppert,Right,74,220,0.229,15,29,27-31,avg<0.23,2
Don Lock,Right,74,195,0.238,122,26,24-26,avg<0.26,2
Don Mason,Left,71,160,0.205,3,23,20-23,avg<0.23,2
Don Mincher,Left,75,205,0.249,200,26,24-26,avg<0.26,2
Don Money,Right,73,170,0.261,176,23,20-23,avg<0.33,2
Don Sutton,Right,73,185,0.144,0,25,24-26,avg<0.23,2
Don Wert,Right,70,162,0.242,77,24,24-26,avg<0.26,2
Don Wilson,Right,74,195,0.146,1,26,24-26,avg<0.23,2
Donn Clendenon,Right,76,209,0.274,159,26,24-26,avg<0.33,2
Doug Ault,Right,75,200,0.236,17,26,24-26,avg<0.26,2
Doug Camilli,Right,71,195,0.199,18,28,27-31,avg<0.23,2
Doug Clemens,Left,72,180,0.229,12,25,24-26,avg<0.23,2
Doug DeCinces,Right,74,190,0.259,237,25,24-26,avg<0.26,2
Doug Flynn,Right,71,165,0.238,7,24,24-26,avg<0.26,2
Doug Frobel,Left,76,196,0.201,20,24,24-26,avg<0.23,2
Doug Griffin,Right,72,160,0.245,7,22,20-23,avg<0.26,2
Doug Rader,Right,74,208,0.251,155,27,27-31,avg<0.26,2
Duane Josephson,Right,72,190,0.258,23,26,24-26,avg<0.26,2
Duane Kuiper,Left,72,175,0.271,1,24,24-26,avg<0.33,2
Duane Walker,Left,72,185,0.229,24,26,24-26,avg<0.23,2
Duffy Dyer,Right,72,187,0.221,30,26,24-26,avg<0.23,2
Duke Sims,Left,74,197,0.239,100,26,24-26,avg<0.26,2
Dusty Baker,Right,74,183,0.278,242,24,24-26,avg<0.33,2
Dwayne Murphy,Left,73,185,0.246,166,25,24-26,avg<0.26,2
Earl Williams,Right,75,215,0.247,138,28,27-31,avg<0.26,2
Ed Brinkman,Right,72,170,0.224,60,24,24-26,avg<0.23,2
Ed Charles,Right,70,170,0.263,86,25,24-26,avg<0.33,2
Ed Crosby,Left,74,175,0.22,0,23,20-23,avg<0.23,2
Ed Goodson,Left,75,180,0.26,30,23,20-23,avg<0.33,2
Ed Herrmann,Left,73,195,0.24,80,26,24-26,avg<0.26,2
Ed Kirkpatrick,Left,71,195,0.238,85,28,27-31,avg<0.26,2
Ed Kranepool,Left,75,205,0.261,118,26,24-26,avg<0.33,2
Ed Ott,Left,70,190,0.259,33,28,27-31,avg<0.26,2
Ed Romero,Right,71,160,0.247,8,23,20-23,avg<0.26,2
Ed Spiezio,Right,71,180,0.238,39,26,24-26,avg<0.26,2
Ed Stroud,Left,71,180,0.237,14,26,24-26,avg<0.26,2
Eddie Leon,Right,72,170,0.236,24,24,24-26,avg<0.26,2
Eddie Milner,Left,71,173,0.253,42,25,24-26,avg<0.26,2
Elio Chacon,Right,69,160,0.232,4,24,24-26,avg<0.26,2
Ellie Hendricks,Left,73,175,0.22,62,24,24-26,avg<0.23,2
Ellie Rodriguez,Right,71,185,0.245,16,26,24-26,avg<0.26,2
Elliott Maddox,Right,71,180,0.261,18,26,24-26,avg<0.33,2
Ellis Valentine,Right,76,205,0.278,123,26,24-26,avg<0.33,2
Enos Cabell,Right,76,170,0.277,60,21,20-23,avg<0.33,2
Enzo Hernandez,Right,68,155,0.224,2,24,24-26,avg<0.23,2
Eric Soderholm,Right,71,187,0.264,102,27,27-31,avg<0.33,2
Felix Millan,Right,71,172,0.279,22,25,24-26,avg<0.33,2
Felix Torres,Right,71,165,0.254,27,24,24-26,avg<0.26,2
Fergie Jenkins,Right,77,205,0.165,13,25,24-26,avg<0.23,2
Fernando Gonzalez,Right,70,165,0.235,17,24,24-26,avg<0.26,2
Floyd Rayford,Right,70,190,0.244,38,28,27-31,avg<0.26,2
Floyd Robinson,Left,69,175,0.283,67,26,24-26,avg<0.33,2
Fran Healy,Right,77,220,0.25,20,27,27-31,avg<0.26,2
Frank Duffy,Right,73,180,0.232,26,24,24-26,avg<0.26,2
Frank Fernandez,Right,72,185,0.199,39,26,24-26,avg<0.23,2
Frank Quilici,Right,73,170,0.214,5,23,20-23,avg<0.23,2
Frank Taveras,Right,72,155,0.255,2,22,20-23,avg<0.26,2
Frank Tepedino,Left,71,185,0.241,6,26,24-26,avg<0.26,2
Frank White,Right,71,165,0.255,160,24,24-26,avg<0.26,2
Fred Kendall,Right,73,185,0.234,31,25,24-26,avg<0.26,2
Fred Lynn,Left,73,185,0.283,306,25,24-26,avg<0.33,2
Fred Norman,Both,68,155,0.125,0,24,24-26,avg<0.23,2
Fred Stanley,Right,70,165,0.216,10,24,24-26,avg<0.23,2
Fred Whitfield,Left,73,190,0.253,108,26,24-26,avg<0.26,2
Freddie Patek,Right,65,148,0.242,41,25,24-26,avg<0.26,2
Fritz Peterson,Both,72,185,0.159,2,26,24-26,avg<0.23,2
Gail Hopkins,Left,70,198,0.266,25,29,27-31,avg<0.33,2
Garry Hancock,Left,72,175,0.247,12,24,24-26,avg<0.26,2
Garry Maddox,Right,75,175,0.285,117,22,20-23,avg<0.33,2
Garth Iorg,Right,71,170,0.258,20,24,24-26,avg<0.26,2
Gary Alexander,Right,74,195,0.23,55,26,24-26,avg<0.26,2
Gary Allenson,Right,71,185,0.221,19,26,24-26,avg<0.23,2
Gary Gray,Right,72,187,0.24,24,26,24-26,avg<0.26,2
Gary Matthews,Right,74,185,0.281,234,24,24-26,avg<0.33,2
Gary Nolan,Right,74,197,0.138,1,26,24-26,avg<0.23,2
Gary Roenicke,Right,75,205,0.247,121,26,24-26,avg<0.26,2
Gary Sutherland,Right,72,185,0.243,24,26,24-26,avg<0.26,2
Gary Thomasson,Left,73,180,0.249,61,24,24-26,avg<0.26,2
Gary Ward,Right,74,195,0.276,130,26,24-26,avg<0.33,2
Gary Woods,Right,74,185,0.243,13,24,24-26,avg<0.26,2
Gates Brown,Left,71,220,0.257,84,31,27-31,avg<0.26,2
Gaylord Perry,Right,76,205,0.131,6,26,24-26,avg<0.23,2
Gene Alley,Right,70,160,0.254,55,24,24-26,avg<0.26,2
Gene Clines,Right,69,170,0.277,5,26,24-26,avg<0.33,2
Gene Locklear,Left,70,165,0.274,9,24,24-26,avg<0.33,2
Gene Michael,Both,74,183,0.229,15,24,24-26,avg<0.23,2
Gene Richards,Left,72,175,0.29,26,24,24-26,avg<0.33,2
Gene Tenace,Right,72,190,0.241,201,26,24-26,avg<0.26,2
George Foster,Right,73,180,0.274,348,24,24-26,avg<0.33,2
George Hendrick,Right,75,195,0.278,267,25,24-26,avg<0.33,2
George Mitterwald,Right,74,195,0.236,76,26,24-26,avg<0.26,2
George Scott,Right,74,200,0.268,271,26,24-26,avg<0.33,2
George Smith,Right,70,170,0.205,9,25,24-26,avg<0.23,2
George Vukovich,Left,72,198,0.268,27,28,27-31,avg<0.33,2
George Wright,Both,71,180,0.245,42,26,24-26,avg<0.26,2
Gil Garrido,Right,69,150,0.237,1,23,20-23,avg<0.26,2
Glenn Adams,Left,73,180,0.28,34,24,24-26,avg<0.33,2
Glenn Beckert,Right,73,190,0.283,22,26,24-26,avg<0.33,2
Glenn Borgmann,Right,76,210,0.229,16,26,24-26,avg<0.23,2
Glenn Burke,Right,72,195,0.237,2,27,27-31,avg<0.26,2
Glenn Hoffman,Right,73,175,0.242,23,24,24-26,avg<0.26,2
Glenn Hubbard,Right,69,150,0.244,70,23,20-23,avg<0.26,2
Gorman Thomas,Right,74,210,0.225,268,28,27-31,avg<0.23,2
Graig Nettles,Left,72,180,0.248,390,25,24-26,avg<0.26,2
Greg Gross,Left,70,160,0.287,7,24,24-26,avg<0.33,2
Greg Luzinski,Right,73,220,0.276,307,30,27-31,avg<0.33,2
Greg Pryor,Right,72,180,0.25,14,25,24-26,avg<0.26,2
Greg Walker,Left,75,205,0.26,113,26,24-26,avg<0.33,2
Hal Breeden,Right,74,200,0.243,21,26,24-26,avg<0.26,2
Hal King,Left,73,200,0.214,24,27,27-31,avg<0.23,2
Hal Lanier,Right,74,180,0.228,8,24,24-26,avg<0.23,2
Hal McRae,Right,71,180,0.29,191,26,24-26,avg<0.33,2
Hank Allen,Right,72,190,0.241,6,26,24-26,avg<0.26,2
Harry Spilman,Left,73,180,0.237,18,24,24-26,avg<0.26,2
Hector Cruz,Right,71,170,0.225,39,24,24-26,avg<0.23,2
Hector Torres,Right,72,175,0.216,18,24,24-26,avg<0.23,2
Horace Clarke,Both,69,170,0.256,27,26,24-26,avg<0.26,2
Hosken Powell,Left,73,175,0.259,17,24,24-26,avg<0.26,2
Howie Goss,Right,76,204,0.216,11,25,24-26,avg<0.23,2
Ike Brown,Right,72,190,0.256,20,26,24-26,avg<0.26,2
Ivan DeJesus,Right,71,175,0.254,21,25,24-26,avg<0.26,2
Ivan Murrell,Right,74,195,0.236,33,26,24-26,avg<0.26,2
J.R. Richard,Right,80,222,0.168,10,25,24-26,avg<0.23,2
Jack Billingham,Right,76,195,0.111,0,24,24-26,avg<0.23,2
Jack Brohamer,Left,70,165,0.245,30,24,24-26,avg<0.26,2
Jack Heidemann,Right,72,175,0.211,9,24,24-26,avg<0.23,2
Jack Hiatt,Right,74,190,0.251,22,25,24-26,avg<0.26,2
Jack Perconte,Left,70,160,0.27,2,24,24-26,avg<0.33,2
Jackie Gutierrez,Right,71,175,0.237,4,25,24-26,avg<0.26,2
Jackie Hernandez,Right,71,165,0.208,12,24,24-26,avg<0.23,2
Jake Gibbs,Left,72,180,0.233,25,25,24-26,avg<0.26,2
Jake Wood,Right,73,163,0.25,35,22,20-23,avg<0.26,2
Jason Thompson,Left,76,200,0.261,208,25,24-26,avg<0.33,2
Jay Johnstone,Left,73,175,0.267,102,24,24-26,avg<0.33,2
Jeff Burroughs,Right,73,200,0.261,240,27,27-31,avg<0.33,2
Jeff Newman,Right,74,215,0.224,63,28,27-31,avg<0.23,2
Jeff Stone,Left,72,175,0.277,11,24,24-26,avg<0.33,2
Jeff Torborg,Right,72,195,0.214,8,27,27-31,avg<0.23,2
Jeffrey Leonard,Right,74,200,0.266,144,26,24-26,avg<0.33,2
Jerry Buchek,Right,71,185,0.22,22,26,24-26,avg<0.23,2
Jerry Dybzinski,Right,74,180,0.234,3,24,24-26,avg<0.26,2
Jerry Grote,Right,70,185,0.252,39,27,27-31,avg<0.26,2
Jerry Hairston,Both,70,170,0.258,30,25,24-26,avg<0.26,2
Jerry Kenney,Left,73,170,0.237,7,23,20-23,avg<0.26,2
Jerry Koosman,Right,74,205,0.119,2,27,27-31,avg<0.23,2
Jerry Martin,Right,73,195,0.251,85,26,24-26,avg<0.26,2
Jerry May,Right,74,190,0.234,15,25,24-26,avg<0.26,2
Jerry McNertney,Right,72,180,0.237,27,25,24-26,avg<0.26,2
Jerry Morales,Right,70,155,0.259,95,23,20-23,avg<0.26,2
Jerry Moses,Right,75,210,0.251,25,27,27-31,avg<0.26,2
Jerry Mumphrey,Both,74,185,0.289,70,24,24-26,avg<0.33,2
Jerry Narron,Left,75,205,0.211,21,26,24-26,avg<0.23,2
Jerry Remy,Left,69,165,0.275,7,25,24-26,avg<0.33,2
Jerry Reuss,Left,77,200,0.167,1,24,24-26,avg<0.23,2
Jerry Royster,Right,72,165,0.249,40,23,20-23,avg<0.26,2
Jerry Terrell,Right,71,165,0.253,4,24,24-26,avg<0.26,2
Jerry Turner,Left,69,180,0.257,45,27,27-31,avg<0.26,2
Jerry White,Both,70,164,0.253,21,24,24-26,avg<0.26,2
Jerry Zimmerman,Right,74,185,0.204,3,24,24-26,avg<0.23,2
Jesse Gonder,Left,70,180,0.251,26,26,24-26,avg<0.26,2
Jesus Alou,Right,74,190,0.28,32,25,24-26,avg<0.33,2
Jim Anderson,Right,72,170,0.218,13,24,24-26,avg<0.23,2
Jim Barr,Right,75,205,0.162,1,26,24-26,avg<0.23,2
Jim Beauchamp,Right,74,190,0.231,14,25,24-26,avg<0.26,2
Jim Dwyer,Left,70,165,0.26,77,24,24-26,avg<0.33,2
Jim Essian,Right,74,195,0.244,33,26,24-26,avg<0.26,2
Jim Fairey,Left,70,190,0.235,7,28,27-31,avg<0.26,2
Jim Fregosi,Right,73,190,0.265,151,26,24-26,avg<0.33,2
Jim French,Left,68,180,0.196,5,28,27-31,avg<0.23,2
Jim Gosger,Left,71,185,0.226,30,26,24-26,avg<0.23,2
Jim Hickman,Right,75,192,0.252,159,25,24-26,avg<0.26,2
Jim Holt,Left,72,180,0.265,19,25,24-26,avg<0.33,2
Jim Lefebvre,Both,72,180,0.251,74,25,24-26,avg<0.26,2
Jim Lonborg,Right,77,200,0.136,3,24,24-26,avg<0.23,2
Jim Lyttle,Left,72,180,0.248,9,25,24-26,avg<0.26,2
Jim Maloney,Left,74,190,0.201,7,25,24-26,avg<0.23,2
Jim Mason,Left,74,185,0.203,12,24,24-26,avg<0.23,2
Jim Morrison,Right,71,175,0.26,112,25,24-26,avg<0.33,2
Jim Nettles,Left,72,186,0.22,16,26,24-26,avg<0.23,2
Jim Norris,Left,70,175,0.264,7,26,24-26,avg<0.33,2
Jim Northrup,Left,75,190,0.267,153,24,24-26,avg<0.33,2
Jim Pankovits,Right,70,170,0.25,9,25,24-26,avg<0.26,2
Jim Price,Right,72,192,0.214,18,27,27-31,avg<0.23,2
Jim Ray Hart,Right,71,185,0.278,170,26,24-26,avg<0.33,2
Jim Rice,Right,74,200,0.298,382,26,24-26,avg<0.33,2
Jim Rooker,Right,72,195,0.201,7,27,27-31,avg<0.23,2
Jim Spencer,Left,74,195,0.25,146,26,24-26,avg<0.26,2
Jim Sundberg,Right,72,190,0.248,95,26,24-26,avg<0.26,2
Jim Traber,Left,72,194,0.227,27,27,27-31,avg<0.23,2
Jim Wohlford,Right,71,175,0.26,21,25,24-26,avg<0.33,2
Jimmie Hall,Left,72,175,0.254,121,24,24-26,avg<0.26,2
Jimmie Schaffer,Right,69,170,0.223,11,26,24-26,avg<0.23,2
Jimmy Stewart,Both,72,165,0.237,8,23,20-23,avg<0.26,2
Jimmy Wynn,Right,70,160,0.25,291,24,24-26,avg<0.26,2
Joaquin Andujar,Both,72,170,0.127,5,24,24-26,avg<0.23,2
Jody Davis,Right,76,192,0.245,127,24,24-26,avg<0.26,2
Joe Azcue,Right,72,190,0.252,50,26,24-26,avg<0.26,2
Joe Charboneau,Right,74,205,0.266,29,27,27-31,avg<0.33,2
Joe Ferguson,Right,74,200,0.24,122,26,24-26,avg<0.26,2
Joe Foy,Right,72,215,0.248,58,30,27-31,avg<0.26,2
Joe Gaines,Right,73,190,0.241,21,26,24-26,avg<0.26,2
Joe Hague,Left,72,195,0.239,40,27,27-31,avg<0.26,2
Joe Horlen,Right,72,170,0.134,0,24,24-26,avg<0.23,2
Joe Keough,Left,72,185,0.246,9,26,24-26,avg<0.26,2
Joe Lahoud,Left,73,198,0.223,65,27,27-31,avg<0.23,2
Joe Lefebvre,Left,70,170,0.258,31,25,24-26,avg<0.26,2
Joe Lis,Right,72,175,0.233,32,24,24-26,avg<0.26,2
Joe Lovitto,Both,72,185,0.216,4,26,24-26,avg<0.23,2
Joe Morgan,Left,67,160,0.271,268,26,24-26,avg<0.33,2
Joe Niekro,Right,73,185,0.156,1,25,24-26,avg<0.23,2
Joe Nolan,Left,71,175,0.263,27,25,24-26,avg<0.33,2
Joe Nossek,Right,72,178,0.228,3,25,24-26,avg<0.23,2
Joe Pepitone,Left,74,185,0.258,219,24,24-26,avg<0.26,2
Joe Rudi,Right,74,200,0.264,179,26,24-26,avg<0.33,2
Joe Simpson,Left,75,175,0.242,9,22,20-23,avg<0.26,2
Joe Strain,Right,70,169,0.25,1,25,24-26,avg<0.26,2
Joe Torre,Right,74,212,0.297,252,28,27-31,avg<0.33,2
Joe Wallis,Both,71,180,0.244,16,26,24-26,avg<0.26,2
Joel Youngblood,Right,72,180,0.265,80,25,24-26,avg<0.33,2
John Bateman,Right,75,210,0.23,81,27,27-31,avg<0.26,2
John Boccabella,Right,73,195,0.219,26,26,24-26,avg<0.23,2
John Castino,Right,71,175,0.278,41,25,24-26,avg<0.33,2
John Denny,Right,75,185,0.17,0,24,24-26,avg<0.23,2
John Donaldson,Left,71,160,0.238,4,23,20-23,avg<0.26,2
John Ellis,Right,74,225,0.262,69,30,27-31,avg<0.33,2
John Hale,Left,74,195,0.201,14,26,24-26,avg<0.23,2
John Kennedy,Right,72,185,0.225,32,26,24-26,avg<0.23,2
John Lowenstein,Left,72,175,0.253,116,24,24-26,avg<0.26,2
John Mayberry,Left,75,215,0.253,255,28,27-31,avg<0.26,2
John Milner,Left,72,185,0.249,131,26,24-26,avg<0.26,2
John Orsino,Right,75,215,0.249,40,28,27-31,avg<0.26,2
John Stearns,Right,72,185,0.26,46,26,24-26,avg<0.33,2
John Stephenson,Left,71,180,0.216,12,26,24-26,avg<0.23,2
John Vukovich,Right,73,187,0.161,6,25,24-26,avg<0.23,2
John Wathan,Right,74,205,0.262,21,27,27-31,avg<0.33,2
John Wockenfuss,Right,72,190,0.262,86,26,24-26,avg<0.33,2
Johnnie LeMaster,Right,74,165,0.222,22,22,20-23,avg<0.23,2
Johnny Bench,Right,73,197,0.267,389,27,27-31,avg<0.33,2
Johnny Briggs,Left,73,190,0.253,139,26,24-26,avg<0.26,2
Johnny Edwards,Left,76,220,0.242,81,27,27-31,avg<0.26,2
Johnny Grubb,Left,75,175,0.278,99,22,20-23,avg<0.33,2
Johnny Jeter,Right,73,180,0.244,18,24,24-26,avg<0.26,2
Johnny Lewis,Left,73,189,0.227,22,26,24-26,avg<0.23,2
Johnny Oates,Left,71,188,0.25,14,27,27-31,avg<0.26,2
Johnny Ray,Both,71,170,0.29,53,24,24-26,avg<0.33,2
Jorge Orta,Left,70,170,0.278,130,25,24-26,avg<0.33,2
Jose Arcia,Right,75,170,0.215,1,22,20-23,avg<0.23,2
Jose Cardenal,Right,70,150,0.275,138,22,20-23,avg<0.33,2
Jose Cruz,Left,72,170,0.284,165,24,24-26,avg<0.33,2
Jose Morales,Right,71,187,0.287,26,27,27-31,avg<0.33,2
Jose Tartabull,Left,71,165,0.261,2,24,24-26,avg<0.33,2
Juan Beniquez,Right,71,150,0.274,79,21,20-23,avg<0.33,2
Juan Bonilla,Right,69,170,0.256,7,26,24-26,avg<0.26,2
Juan Marichal,Right,72,185,0.165,4,26,24-26,avg<0.23,2
Julian Javier,Right,73,175,0.257,78,24,24-26,avg<0.26,2
Julio Cruz,Both,69,165,0.237,23,25,24-26,avg<0.26,2
Julio Gonzalez,Right,71,162,0.235,4,23,20-23,avg<0.26,2
Julio Gotay,Right,72,180,0.26,6,25,24-26,avg<0.33,2
Junior Kennedy,Right,71,175,0.248,4,25,24-26,avg<0.26,2
Junior Moore,Right,71,185,0.264,7,26,24-26,avg<0.33,2
Keith Hernandez,Left,72,180,0.296,162,25,24-26,avg<0.33,2
Keith Moreland,Right,72,190,0.279,121,26,24-26,avg<0.33,2
Ken Berry,Right,72,175,0.255,58,24,24-26,avg<0.26,2
Ken Boswell,Left,72,170,0.248,31,24,24-26,avg<0.26,2
Ken Gerhart,Right,72,190,0.221,24,26,24-26,avg<0.23,2
Ken Harrelson,Right,74,190,0.239,131,25,24-26,avg<0.26,2
Ken Henderson,Both,74,180,0.257,122,24,24-26,avg<0.26,2
Ken Holtzman,Right,74,175,0.163,2,23,20-23,avg<0.23,2
Ken Hubbs,Right,74,175,0.247,14,23,20-23,avg<0.26,2
Ken Landreaux,Left,70,165,0.268,91,24,24-26,avg<0.33,2
Ken McMullen,Right,75,190,0.248,156,24,24-26,avg<0.26,2
Ken Phelps,Left,73,209,0.239,123,28,27-31,avg<0.26,2
Ken Reitz,Right,72,180,0.26,68,25,24-26,avg<0.33,2
Ken Retzer,Left,72,185,0.264,14,26,24-26,avg<0.33,2
Ken Rudolph,Right,73,180,0.213,6,24,24-26,avg<0.23,2
Ken Singleton,Both,76,210,0.282,246,26,24-26,avg<0.33,2
Ken Suarez,Right,69,175,0.227,5,26,24-26,avg<0.23,2
Ken Walters,Right,73,180,0.231,11,24,24-26,avg<0.26,2
Kevin Bell,Right,72,195,0.222,13,27,27-31,avg<0.23,2
Kiko Garcia,Right,71,180,0.239,12,26,24-26,avg<0.26,2
Kurt Bevacqua,Right,72,180,0.236,27,25,24-26,avg<0.26,2
Lamar Johnson,Right,74,215,0.287,64,28,27-31,avg<0.33,2
Larry Biittner,Left,74,205,0.273,29,27,27-31,avg<0.33,2
Larry Bowa,Both,70,155,0.26,15,23,20-23,avg<0.33,2
Larry Brown,Right,70,160,0.233,47,24,24-26,avg<0.26,2
Larry Cox,Right,70,178,0.221,12,26,24-26,avg<0.23,2
Larry Dierker,Right,76,215,0.136,4,27,27-31,avg<0.23,2
Larry Haney,Right,74,195,0.215,12,26,24-26,avg<0.23,2
Larry Harlow,Left,74,185,0.248,12,24,24-26,avg<0.26,2
Larry Herndon,Right,75,190,0.274,107,24,24-26,avg<0.33,2
Larry Hisle,Right,74,193,0.273,166,25,24-26,avg<0.33,2
Larry Lintz,Both,69,150,0.227,0,23,20-23,avg<0.23,2
Larry Milbourne,Both,72,161,0.254,11,22,20-23,avg<0.26,2
Larry Parrish,Right,75,190,0.263,256,24,24-26,avg<0.33,2
Larry Stahl,Left,72,175,0.232,36,24,24-26,avg<0.26,2
Larvell Blanks,Right,68,167,0.253,20,26,24-26,avg<0.26,2
Lee Lacy,Right,73,175,0.286,91,24,24-26,avg<0.33,2
Lee May,Right,75,195,0.267,354,25,24-26,avg<0.33,2
Lee Mazzilli,Both,73,180,0.259,93,24,24-26,avg<0.26,2
Lee Thomas,Left,74,195,0.255,106,26,24-26,avg<0.26,2
Len Gabrielson,Left,76,210,0.253,37,26,24-26,avg<0.26,2
Len Matuszek,Left,74,190,0.234,30,25,24-26,avg<0.26,2
Len Randle,Both,70,169,0.257,27,25,24-26,avg<0.26,2
Lenn Sakata,Right,69,160,0.23,25,24,24-26,avg<0.26,2
Lenny Faedo,Right,72,170,0.251,5,24,24-26,avg<0.26,2
Leo Cardenas,Right,71,150,0.257,118,21,20-23,avg<0.26,2
Leon Durham,Left,73,185,0.277,147,25,24-26,avg<0.33,2
Leon Roberts,Right,75,200,0.267,78,26,24-26,avg<0.33,2
Leron Lee,Left,72,196,0.25,31,27,27-31,avg<0.26,2
Leroy Stanton,Right,73,195,0.244,77,26,24-26,avg<0.26,2
Lou Brock,Left,71,170,0.293,149,24,24-26,avg<0.33,2
Lou Clinton,Right,73,185,0.247,65,25,24-26,avg<0.26,2
Lou Johnson,Right,71,170,0.258,48,24,24-26,avg<0.26,2
Lou Piniella,Right,72,182,0.291,102,25,24-26,avg<0.33,2
Luis Aguayo,Right,69,173,0.236,37,26,24-26,avg<0.26,2
Luis Alvarado,Right,69,162,0.214,5,24,24-26,avg<0.23,2
Luis Gomez,Right,69,150,0.21,0,23,20-23,avg<0.23,2
Luis Melendez,Right,72,165,0.248,9,23,20-23,avg<0.26,2
Luis Pujols,Right,74,175,0.193,6,23,20-23,avg<0.23,2
Luis Tiant,Right,72,180,0.164,5,25,24-26,avg<0.23,2
Lyman Bostock,Left,73,180,0.311,23,24,24-26,avg<0.33,2
Lynn Jones,Right,69,175,0.252,7,26,24-26,avg<0.26,2
Mack Jones,Left,73,180,0.252,133,24,24-26,avg<0.26,2
Manny Castillo,Both,69,160,0.242,3,24,24-26,avg<0.26,2
Manny Jimenez,Left,73,185,0.272,26,25,24-26,avg<0.33,2
Manny Mota,Right,70,160,0.304,31,24,24-26,avg<0.33,2
Manny Sanguillen,Right,72,193,0.296,65,27,27-31,avg<0.33,2
Manny Trillo,Right,73,150,0.263,61,20,20-23,avg<0.33,2
Marc Hill,Right,75,205,0.223,34,26,24-26,avg<0.23,2
Mario Guerrero,Right,70,155,0.257,7,23,20-23,avg<0.26,2
Mario Mendoza,Right,71,170,0.215,4,24,24-26,avg<0.23,2
Mario Soto,Right,72,174,0.132,1,24,24-26,avg<0.23,2
Mark Belanger,Right,73,170,0.228,20,23,20-23,avg<0.23,2
Mark Brouhard,Right,73,210,0.259,25,28,27-31,avg<0.26,2
Mark Wagner,Right,72,165,0.243,3,23,20-23,avg<0.26,2
Marty Martinez,Both,72,170,0.243,0,24,24-26,avg<0.26,2
Marty Perez,Right,71,160,0.246,22,23,20-23,avg<0.26,2
Marv Breeding,Right,72,175,0.25,7,24,24-26,avg<0.26,2
Marvell Wynne,Left,71,175,0.247,40,25,24-26,avg<0.26,2
Matty Alou,Left,69,160,0.307,31,24,24-26,avg<0.33,2
Max Alvis,Right,71,185,0.247,111,26,24-26,avg<0.26,2
Mel Stottlemyre,Right,73,178,0.16,7,24,24-26,avg<0.23,2
Merritt Ranew,Left,71,170,0.247,8,24,24-26,avg<0.26,2
Merv Rettenmund,Right,70,190,0.271,66,28,27-31,avg<0.33,2
Mick Kelleher,Right,69,176,0.213,0,27,27-31,avg<0.23,2
Mickey Brantley,Right,70,180,0.259,32,26,24-26,avg<0.26,2
Mickey Hatcher,Right,74,200,0.28,38,26,24-26,avg<0.33,2
Mickey Klutts,Right,71,170,0.241,14,24,24-26,avg<0.26,2
Mickey Lolich,Both,73,170,0.11,0,23,20-23,avg<0.23,2
Mickey Rivers,Left,70,165,0.295,61,24,24-26,avg<0.33,2
Mickey Stanley,Right,73,185,0.248,117,25,24-26,avg<0.26,2
Miguel Dilone,Both,72,160,0.265,6,22,20-23,avg<0.33,2
Mike Anderson,Right,74,200,0.246,28,26,24-26,avg<0.26,2
Mike Andrews,Right,75,195,0.258,66,25,24-26,avg<0.26,2
Mike Brown,Right,74,195,0.265,23,26,24-26,avg<0.33,2
Mike Brumley,Left,70,195,0.229,5,29,27-31,avg<0.23,2
Mike Champion,Right,72,185,0.229,2,26,24-26,avg<0.23,2
Mike Cubbage,Left,72,180,0.258,34,25,24-26,avg<0.26,2
Mike Davis,Left,74,175,0.259,91,23,20-23,avg<0.26,2
Mike de la Hoz,Right,71,175,0.251,25,25,24-26,avg<0.26,2
Mike Diaz,Right,74,195,0.247,31,26,24-26,avg<0.26,2
Mike Easler,Left,72,190,0.293,118,26,24-26,avg<0.33,2
Mike Edwards,Right,70,154,0.25,2,23,20-23,avg<0.26,2
Mike Epstein,Left,75,230,0.244,130,29,27-31,avg<0.26,2
Mike Fiore,Left,72,175,0.227,13,24,24-26,avg<0.23,2
Mike Fischlin,Right,73,165,0.22,3,22,20-23,avg<0.23,2
Mike Hargrove,Left,72,195,0.29,80,27,27-31,avg<0.33,2
Mike Hegan,Left,73,188,0.242,53,25,24-26,avg<0.26,2
Mike Hershberger,Right,70,175,0.252,26,26,24-26,avg<0.26,2
Mike Ivie,Right,75,205,0.269,81,26,24-26,avg<0.33,2
Mike Jorgensen,Left,72,195,0.243,95,27,27-31,avg<0.26,2
Mike Krukow,Right,77,205,0.193,5,25,24-26,avg<0.23,2
Mike Lum,Left,72,180,0.247,90,25,24-26,avg<0.26,2
Mike Phillips,Left,72,170,0.24,11,24,24-26,avg<0.26,2
Mike Ramsey,Both,73,170,0.24,2,23,20-23,avg<0.26,2
Mike Richardt,Right,72,170,0.226,4,24,24-26,avg<0.23,2
Mike Ryan,Right,74,205,0.193,28,27,27-31,avg<0.23,2
Mike Sadek,Right,69,165,0.226,5,25,24-26,avg<0.23,2
Mike Schmidt,Right,74,195,0.267,548,26,24-26,avg<0.33,2
Mike Shannon,Right,75,195,0.255,68,25,24-26,avg<0.26,2
Mike Squires,Left,71,185,0.26,6,26,24-26,avg<0.33,2
Mike Tyson,Right,69,170,0.241,27,26,24-26,avg<0.26,2
Mike Vail,Right,73,180,0.279,34,24,24-26,avg<0.33,2
Mike Young,Both,74,195,0.247,72,26,24-26,avg<0.26,2
Milt May,Left,72,190,0.263,77,26,24-26,avg<0.33,2
Mitchell Page,Left,74,205,0.266,72,27,27-31,avg<0.33,2
Nate Colbert,Right,74,190,0.243,173,25,24-26,avg<0.26,2
Nate Oliver,Right,70,160,0.226,2,24,24-26,avg<0.23,2
Ned Yost,Right,73,190,0.212,16,26,24-26,avg<0.23,2
Nelson Mathews,Right,76,195,0.223,22,24,24-26,avg<0.23,2
Nick Esasky,Right,75,200,0.25,122,26,24-26,avg<0.26,2
Norm Miller,Left,70,185,0.238,24,27,27-31,avg<0.26,2
Ollie Brown,Right,74,178,0.265,102,23,20-23,avg<0.33,2
Omar Moreno,Left,74,180,0.252,37,24,24-26,avg<0.26,2
Onix Concepcion,Right,66,160,0.239,3,26,24-26,avg<0.26,2
Orlando Mercado,Right,72,180,0.199,7,25,24-26,avg<0.23,2
Oscar Gamble,Left,71,160,0.265,200,23,20-23,avg<0.33,2
Otto Velez,Right,72,170,0.251,78,24,24-26,avg<0.26,2
Ozzie Virgil,Right,73,180,0.243,98,24,24-26,avg<0.26,2
Pat Corrales,Right,72,180,0.216,4,25,24-26,avg<0.23,2
Pat Kelly,Left,73,185,0.264,76,25,24-26,avg<0.33,2
Pat Putnam,Left,72,205,0.255,63,28,27-31,avg<0.26,2
Paul Blair,Right,72,168,0.25,134,23,20-23,avg<0.26,2
Paul Casanova,Right,76,180,0.225,50,22,20-23,avg<0.23,2
Paul Dade,Right,73,185,0.27,10,25,24-26,avg<0.33,2
Paul Householder,Both,72,180,0.236,29,25,24-26,avg<0.26,2
Paul Popovich,Both,72,175,0.233,14,24,24-26,avg<0.26,2
Paul Schaal,Right,71,165,0.244,57,24,24-26,avg<0.26,2
Pedro Garcia,Right,70,175,0.22,37,26,24-26,avg<0.23,2
Pedro Gonzalez,Right,72,176,0.244,8,24,24-26,avg<0.26,2
Pepe Frias,Right,70,159,0.24,1,23,20-23,avg<0.26,2
Pepe Mangual,Right,70,157,0.242,16,23,20-23,avg<0.26,2
Pete LaCock,Left,74,200,0.257,27,26,24-26,avg<0.26,2
Pete Mackanin,Right,74,190,0.226,30,25,24-26,avg<0.23,2
Pete Rose,Both,71,192,0.303,160,27,27-31,avg<0.33,2
Pete Ward,Left,73,185,0.254,98,25,24-26,avg<0.26,2
Phil Bradley,Right,72,185,0.286,78,26,24-26,avg<0.33,2
Phil Gagliano,Right,73,180,0.238,14,24,24-26,avg<0.26,2
Phil Garner,Right,70,175,0.26,109,26,24-26,avg<0.33,2
Phil Linz,Right,73,180,0.235,11,24,24-26,avg<0.26,2
Phil Mankowski,Left,72,180,0.264,8,25,24-26,avg<0.33,2
Phil Niekro,Right,73,180,0.169,7,24,24-26,avg<0.23,2
Phil Roof,Right,74,190,0.215,43,25,24-26,avg<0.23,2
R.J. Reynolds,Both,72,190,0.267,35,26,24-26,avg<0.33,2
Rafael Landestoy,Both,70,165,0.237,4,24,24-26,avg<0.26,2
Rafael Santana,Right,73,165,0.246,13,22,20-23,avg<0.26,2
Ralph Garr,Left,71,185,0.306,75,26,24-26,avg<0.33,2
Randy Hundley,Right,71,170,0.236,82,24,24-26,avg<0.26,2
Randy Jones,Right,72,178,0.132,0,25,24-26,avg<0.23,2
Ray Burris,Right,77,200,0.151,1,24,24-26,avg<0.23,2
Ray Culp,Right,72,200,0.123,1,28,27-31,avg<0.23,2
Ray Fosse,Right,74,215,0.256,61,28,27-31,avg<0.26,2
Ray Knight,Right,73,185,0.271,84,25,24-26,avg<0.33,2
Ray Oyler,Right,71,165,0.175,15,24,24-26,avg<0.23,2
Ray Sadecki,Left,71,180,0.191,5,26,24-26,avg<0.23,2
Ray Webster,Left,72,185,0.244,17,26,24-26,avg<0.26,2
Reggie Jackson,Left,72,195,0.262,563,27,27-31,avg<0.33,2
Reggie Smith,Both,72,180,0.287,314,25,24-26,avg<0.33,2
Reid Nichols,Right,71,165,0.266,22,24,24-26,avg<0.33,2
Rennie Stennett,Right,71,160,0.274,41,23,20-23,avg<0.33,2
Rey Quinones,Right,71,160,0.243,29,23,20-23,avg<0.26,2
Rich Chiles,Left,71,170,0.254,6,24,24-26,avg<0.26,2
Rich Coggins,Left,68,170,0.265,12,26,24-26,avg<0.33,2
Rich Dauer,Right,72,180,0.257,43,25,24-26,avg<0.26,2
Rich McKinney,Right,71,185,0.225,20,26,24-26,avg<0.23,2
Rich Morales,Right,71,170,0.195,6,24,24-26,avg<0.23,2
Rich Reese,Left,75,185,0.253,52,24,24-26,avg<0.26,2
Rich Rollins,Right,70,185,0.269,77,27,27-31,avg<0.33,2
Richie Hebner,Left,73,195,0.276,203,26,24-26,avg<0.33,2
Richie Scheinblum,Both,73,180,0.263,13,24,24-26,avg<0.33,2
Richie Zisk,Right,73,200,0.287,207,27,27-31,avg<0.33,2
Rick Auerbach,Right,72,165,0.22,9,23,20-23,avg<0.23,2
Rick Bosetti,Right,71,185,0.25,17,26,24-26,avg<0.26,2
Rick Burleson,Right,70,165,0.273,50,24,24-26,avg<0.33,2
Rick Joseph,Right,73,192,0.243,13,26,24-26,avg<0.26,2
Rick Leach,Left,73,180,0.268,18,24,24-26,avg<0.33,2
Rick Manning,Left,73,180,0.257,56,24,24-26,avg<0.26,2
Rick Miller,Left,72,175,0.269,28,24,24-26,avg<0.33,2
Rick Monday,Left,75,193,0.264,241,25,24-26,avg<0.33,2
Rick Peters,Both,69,170,0.277,2,26,24-26,avg<0.33,2
Rick Reichardt,Right,75,210,0.261,116,27,27-31,avg<0.33,2
Rick Renick,Right,72,188,0.221,20,26,24-26,avg<0.23,2
Rick Rhoden,Right,75,195,0.238,9,25,24-26,avg<0.26,2
Rick Sofield,Left,73,195,0.243,9,26,24-26,avg<0.26,2
Rick Sweet,Both,73,200,0.234,6,27,27-31,avg<0.26,2
Rick Wise,Right,73,180,0.195,15,24,24-26,avg<0.23,2
Rico Carty,Right,75,200,0.299,204,26,24-26,avg<0.33,2
Rico Petrocelli,Right,72,175,0.251,210,24,24-26,avg<0.26,2
Rob Andrews,Right,72,185,0.251,3,26,24-26,avg<0.26,2
Rob Picciolo,Right,74,185,0.234,17,24,24-26,avg<0.26,2
Rob Wilfong,Left,73,180,0.248,39,24,24-26,avg<0.26,2
Roberto Pena,Right,68,170,0.245,13,26,24-26,avg<0.26,2
Rod Carew,Left,72,170,0.328,92,24,24-26,avg<0.33,2
Rod Gilbreath,Right,74,180,0.248,14,24,24-26,avg<0.26,2
Rod Kanehl,Right,73,180,0.241,6,24,24-26,avg<0.26,2
Rodney Scott,Both,72,160,0.236,3,22,20-23,avg<0.26,2
Roger Freed,Right,72,190,0.245,22,26,24-26,avg<0.26,2
Roger Metzger,Both,72,165,0.231,5,23,20-23,avg<0.26,2
Roger Repoz,Left,75,190,0.224,82,24,24-26,avg<0.23,2
Ron Blomberg,Left,73,195,0.293,52,26,24-26,avg<0.33,2
Ron Brand,Right,67,167,0.239,3,27,27-31,avg<0.26,2
Ron Cey,Right,70,185,0.261,316,27,27-31,avg<0.33,2
Ron Clark,Right,70,175,0.189,5,26,24-26,avg<0.23,2
Ron Davis,Right,72,175,0.233,10,24,24-26,avg<0.26,2
Ron Gardenhire,Right,72,175,0.232,4,24,24-26,avg<0.26,2
Ron Hodges,Left,73,185,0.24,19,25,24-26,avg<0.26,2
Ron Hunt,Right,72,186,0.273,39,26,24-26,avg<0.33,2
Ron Jackson,Right,72,200,0.259,56,28,27-31,avg<0.26,2
Ron LeFlore,Right,72,200,0.288,59,28,27-31,avg<0.33,2
Ron Oester,Both,74,185,0.265,42,24,24-26,avg<0.33,2
Ron Pruitt,Right,72,185,0.269,12,26,24-26,avg<0.33,2
Ron Reed,Right,78,215,0.158,0,25,24-26,avg<0.23,2
Ron Roenicke,Both,72,180,0.238,17,25,24-26,avg<0.26,2
Ron Santo,Right,72,190,0.277,342,26,24-26,avg<0.33,2
Ron Stone,Left,74,185,0.241,6,24,24-26,avg<0.26,2
Ron Swoboda,Right,74,195,0.242,73,26,24-26,avg<0.26,2
Ron Theobald,Right,68,165,0.248,2,26,24-26,avg<0.26,2
Ron Washington,Right,71,155,0.261,20,22,20-23,avg<0.33,2
Ron Woods,Right,70,168,0.233,26,25,24-26,avg<0.26,2
Rowland Office,Left,72,170,0.259,32,24,24-26,avg<0.26,2
Roy Foster,Right,72,185,0.253,45,26,24-26,avg<0.26,2
Roy Howell,Left,73,190,0.261,80,26,24-26,avg<0.33,2
Roy Smalley,Both,73,185,0.257,163,25,24-26,avg<0.26,2
Roy White,Both,70,160,0.271,160,24,24-26,avg<0.33,2
Rudy Law,Left,73,165,0.271,18,22,20-23,avg<0.33,2
Rudy Meoli,Left,69,165,0.212,2,25,24-26,avg<0.23,2
Rufino Linares,Right,72,170,0.27,11,24,24-26,avg<0.33,2
Ruppert Jones,Left,70,170,0.25,147,25,24-26,avg<0.26,2
Russ Gibson,Right,73,195,0.228,8,26,24-26,avg<0.23,2
Rusty Staub,Left,74,190,0.279,292,25,24-26,avg<0.33,2
Rusty Torres,Both,70,175,0.212,35,26,24-26,avg<0.23,2
Sal Bando,Right,72,195,0.254,242,27,27-31,avg<0.26,2
Sal Butera,Right,72,190,0.227,8,26,24-26,avg<0.23,2
Sam Bowens,Right,73,188,0.223,45,25,24-26,avg<0.23,2
Sam McDowell,Left,77,190,0.154,2,23,20-23,avg<0.23,2
Sandy Alomar,Both,69,140,0.245,13,21,20-23,avg<0.26,2
Sandy Valdespino,Left,68,170,0.23,7,26,24-26,avg<0.26,2
Scot Thompson,Left,75,195,0.262,5,25,24-26,avg<0.33,2
Sixto Lezcano,Right,70,165,0.271,148,24,24-26,avg<0.33,2
Skip Jutze,Right,71,190,0.215,3,27,27-31,avg<0.23,2
Sonny Jackson,Left,69,150,0.251,7,23,20-23,avg<0.26,2
Sonny Siebert,Right,75,190,0.173,12,24,24-26,avg<0.23,2
Stan Papi,Right,72,170,0.218,7,24,24-26,avg<0.23,2
Steve Barber,Left,72,195,0.115,5,27,27-31,avg<0.23,2
Steve Blass,Right,72,165,0.172,1,23,20-23,avg<0.23,2
Steve Braun,Left,70,180,0.271,52,26,24-26,avg<0.33,2
Steve Brye,Right,72,190,0.258,30,26,24-26,avg<0.26,2
Steve Carlton,Left,76,210,0.201,13,26,24-26,avg<0.23,2
Steve Dillard,Right,73,180,0.243,13,24,24-26,avg<0.26,2
Steve Garvey,Right,70,192,0.294,272,28,27-31,avg<0.33,2
Steve Henderson,Right,74,190,0.28,68,25,24-26,avg<0.33,2
Steve Hovley,Left,70,188,0.258,8,28,27-31,avg<0.26,2
Steve Huntz,Both,73,204,0.206,16,28,27-31,avg<0.23,2
Steve Jeltz,Both,71,180,0.21,5,26,24-26,avg<0.23,2
Steve Kemp,Left,72,195,0.278,130,27,27-31,avg<0.33,2
Steve Lombardozzi,Right,72,175,0.233,20,24,24-26,avg<0.26,2
Steve Nicosia,Right,70,185,0.248,11,27,27-31,avg<0.26,2
Steve Ontiveros,Both,72,185,0.274,24,26,24-26,avg<0.33,2
Steve Renko,Right,77,230,0.215,6,28,27-31,avg<0.23,2
Steve Rogers,Right,74,175,0.138,0,23,20-23,avg<0.23,2
Steve Swisher,Right,74,205,0.216,20,27,27-31,avg<0.23,2
Steve Whitaker,Left,72,180,0.23,24,25,24-26,avg<0.26,2
Steve Yeager,Right,72,190,0.228,102,26,24-26,avg<0.23,2
Syd O'Brien,Right,73,185,0.23,24,25,24-26,avg<0.26,2
Ted Cox,Right,75,195,0.245,10,25,24-26,avg<0.26,2
Ted Ford,Right,70,180,0.219,17,26,24-26,avg<0.23,2
Ted Kubiak,Both,72,175,0.231,13,24,24-26,avg<0.26,2
Ted Martinez,Right,72,165,0.24,7,23,20-23,avg<0.26,2
Ted Savage,Right,73,185,0.233,34,25,24-26,avg<0.26,2
Ted Simmons,Both,71,193,0.285,248,28,27-31,avg<0.33,2
Ted Sizemore,Right,70,165,0.262,23,24,24-26,avg<0.33,2
Ted Uhlaender,Left,74,190,0.263,36,25,24-26,avg<0.33,2
Terry Crowley,Left,72,180,0.25,42,25,24-26,avg<0.26,2
Terry Francona,Left,73,190,0.274,16,26,24-26,avg<0.33,2
Terry Harmon,Right,74,180,0.233,4,24,24-26,avg<0.26,2
Terry Harper,Right,76,195,0.253,36,24,24-26,avg<0.26,2
Terry Humphrey,Right,75,185,0.211,6,24,24-26,avg<0.23,2
Terry Whitfield,Left,73,197,0.281,33,27,27-31,avg<0.33,2
Thad Bosley,Left,75,175,0.272,20,22,20-23,avg<0.33,2
Thurman Munson,Right,71,190,0.292,113,27,27-31,avg<0.33,2
Tim Blackwell,Both,71,170,0.228,6,24,24-26,avg<0.23,2
Tim Corcoran,Left,71,175,0.27,12,25,24-26,avg<0.33,2
Tim Cullen,Right,73,185,0.22,9,25,24-26,avg<0.23,2
Tim Flannery,Left,71,175,0.255,9,25,24-26,avg<0.26,2
Tim Foli,Right,72,179,0.251,25,25,24-26,avg<0.26,2
Tim Harkness,Left,74,182,0.235,14,24,24-26,avg<0.26,2
Tim Johnson,Left,73,170,0.223,0,23,20-23,avg<0.23,2
Tim Laudner,Right,75,212,0.225,77,27,27-31,avg<0.23,2
Tito Fuentes,Both,71,175,0.268,45,25,24-26,avg<0.33,2
Tito Landrum,Right,71,175,0.249,13,25,24-26,avg<0.26,2
Toby Harrah,Right,72,175,0.264,195,24,24-26,avg<0.33,2
Todd Cruz,Right,72,175,0.22,34,24,24-26,avg<0.23,2
Tom Brookens,Right,70,165,0.246,71,24,24-26,avg<0.26,2
Tom Egan,Right,76,218,0.2,22,27,27-31,avg<0.23,2
Tom Grieve,Right,74,190,0.249,65,25,24-26,avg<0.26,2
Tom Haller,Left,76,195,0.257,134,24,24-26,avg<0.26,2
Tom Hutton,Left,71,180,0.248,22,26,24-26,avg<0.26,2
Tom Lawless,Right,71,170,0.207,2,24,24-26,avg<0.23,2
Tom Matchick,Left,73,173,0.215,4,23,20-23,avg<0.23,2
Tom Nieto,Right,73,193,0.205,5,26,24-26,avg<0.23,2
Tom O'Malley,Left,72,180,0.256,13,25,24-26,avg<0.26,2
Tom Paciorek,Right,76,215,0.282,86,27,27-31,avg<0.33,2
Tom Poquette,Left,70,175,0.268,10,26,24-26,avg<0.33,2
Tom Satriano,Left,73,185,0.225,21,25,24-26,avg<0.23,2
Tom Seaver,Right,73,195,0.154,12,26,24-26,avg<0.23,2
Tom Tresh,Both,73,180,0.245,153,24,24-26,avg<0.26,2
Tom Veryzer,Right,73,175,0.241,14,24,24-26,avg<0.26,2
Tommie Aaron,Right,75,190,0.229,13,24,24-26,avg<0.23,2
Tommie Agee,Right,71,195,0.255,130,28,27-31,avg<0.26,2
Tommie Reynolds,Right,74,190,0.226,12,25,24-26,avg<0.23,2
Tommy Dean,Right,72,165,0.18,4,23,20-23,avg<0.23,2
Tommy Harper,Right,69,165,0.257,146,25,24-26,avg<0.26,2
Tommy Helms,Right,70,165,0.269,34,24,24-26,avg<0.33,2
Tommy John,Right,75,180,0.157,5,23,20-23,avg<0.23,2
Tommy McCraw,Left,72,183,0.246,75,25,24-26,avg<0.26,2
Tony Armas,Right,71,182,0.252,251,26,24-26,avg<0.26,2
Tony Cloninger,Right,72,210,0.192,11,29,27-31,avg<0.23,2
Tony Conigliaro,Right,75,185,0.264,166,24,24-26,avg<0.33,2
Tony Gonzalez,Left,69,170,0.286,103,26,24-26,avg<0.33,2
Tony Horton,Right,75,210,0.268,76,27,27-31,avg<0.33,2
Tony Muser,Left,74,180,0.259,7,24,24-26,avg<0.26,2
Tony Oliva,Left,73,175,0.304,220,24,24-26,avg<0.33,2
Tony Perez,Right,74,175,0.279,379,23,20-23,avg<0.33,2
Tony Scott,Both,72,164,0.249,17,23,20-23,avg<0.26,2
Tony Solaita,Left,72,210,0.255,50,29,27-31,avg<0.26,2
Tucker Ashford,Right,73,195,0.218,6,26,24-26,avg<0.23,2
Ty Cline,Left,72,170,0.238,6,24,24-26,avg<0.26,2
U L Washington,Both,71,175,0.251,27,25,24-26,avg<0.26,2
Vern Fuller,Right,73,170,0.232,14,23,20-23,avg<0.26,2
Vic Correll,Right,70,185,0.229,29,27,27-31,avg<0.23,2
Vic Davalillo,Left,67,150,0.279,36,24,24-26,avg<0.33,2
Vic Harris,Both,71,165,0.217,13,24,24-26,avg<0.23,2
Vida Blue,Both,72,189,0.104,4,26,24-26,avg<0.23,2
Von Joshua,Left,70,170,0.273,30,25,24-26,avg<0.33,2
Wallace Johnson,Both,72,173,0.255,5,24,24-26,avg<0.26,2
Walt Bond,Left,79,228,0.256,41,26,24-26,avg<0.26,2
Walt Williams,Right,66,165,0.27,33,27,27-31,avg<0.33,2
Wayne Comer,Right,70,175,0.229,16,26,24-26,avg<0.23,2
Wayne Garrett,Left,71,175,0.239,61,25,24-26,avg<0.26,2
Wayne Gross,Left,74,210,0.233,121,28,27-31,avg<0.26,2
Wayne Krenchicki,Left,73,180,0.266,15,24,24-26,avg<0.33,2
Wayne Nordhagen,Right,74,205,0.282,39,27,27-31,avg<0.33,2
Wayne Tolleson,Both,69,160,0.241,9,24,24-26,avg<0.26,2
Wes Parker,Both,73,180,0.267,64,24,24-26,avg<0.33,2
Wilbur Howard,Both,74,170,0.25,6,22,20-23,avg<0.26,2
Willie Aikens,Left,75,220,0.271,110,28,27-31,avg<0.33,2
Willie Crawford,Left,73,197,0.268,86,27,27-31,avg<0.33,2
Willie Davis,Left,74,180,0.279,182,24,24-26,avg<0.33,2
Willie Horton,Right,71,209,0.273,325,30,27-31,avg<0.33,2
Willie Montanez,Left,72,170,0.275,139,24,24-26,avg<0.33,2
Willie Norwood,Right,72,185,0.242,18,26,24-26,avg<0.26,2
Willie Smith,Left,72,182,0.248,46,25,24-26,avg<0.26,2
Willie Stargell,Left,74,188,0.282,475,25,24-26,avg<0.33,2
Willie Upshaw,Left,72,185,0.262,123,26,24-26,avg<0.33,2
Winston Llenas,Right,70,165,0.23,3,24,24-26,avg<0.26,2
Woodie Fryman,Right,75,197,0.138,2,25,24-26,avg<0.23,2
Woody Woodward,Right,74,180,0.236,1,24,24-26,avg<0.26,2
